{
  "region": "ashanti",
  "model": "richard",
  "Parameters": {
    "k": 6000000.000000022,
    "r": 0.7545113576696174,
    "theta": 1.1142324346563197
  },
  "Population": [
    1109133,
    1481698,
    2090100,
    3612950,
    4780380
  ],
  "Estimated": [
    1109132,
    2001271,
    3171419,
    4308108,
    5122716
  ]
}