{
  "region": "ashanti",
  "model": "gompertz",
  "Parameters": {
    "k": 6000000.0001472365,
    "r": 0.38905951296598557,
    "theta": 0
  },
  "Population": [
    1109133,
    1481698,
    2090100,
    3612950,
    4780380
  ],
  "Estimated": [
    1109133,
    1911120,
    2763312,
    3547785,
    4202479
  ]
}