{
  "region": "ashanti",
  "model": "verhulst",
  "Parameters": {
    "k": 6000000.000223996,
    "r": 0.6224706789585585,
    "theta": 0
  },
  "Population": [
    1109133,
    1481698,
    2090100,
    3612950,
    4780380
  ],
  "Estimated": [
    1109133,
    1782381,
    2643419,
    3568476,
    4393527
  ]
}