{
  "region": "brong ahafo",
  "model": "verhulst",
  "Parameters": {
    "k": 5000000.000000724,
    "r": 0.4667332434469534,
    "theta": 0
  },
  "Population": [
    587920,
    766509,
    1206608,
    1815408,
    2310983
  ],
  "Estimated": [
    587920,
    876314,
    1265596,
    1754243,
    2314618
  ]
}