{
  "region": "brong ahafo",
  "model": "richard",
  "Parameters": {
    "k": 4999999.999999465,
    "r": 0.4028772512758176,
    "theta": 1.4981695770594
  },
  "Population": [
    587920,
    766509,
    1206608,
    1815408,
    2310983
  ],
  "Estimated": [
    587920,
    860442,
    1238729,
    1736486,
    2339612
  ]
}