{
  "region": "brong ahafo",
  "model": "gompertz",
  "Parameters": {
    "k": 5000000.000007118,
    "r": 0.24384914138885982,
    "theta": 0
  },
  "Population": [
    587920,
    766509,
    1206608,
    1815408,
    2310983
  ],
  "Estimated": [
    587919,
    934306,
    1343161,
    1785069,
    2230753
  ]
}