{
  "region": "central",
  "model": "richard",
  "Parameters": {
    "k": 5000000.000001753,
    "r": 0.26179477215269603,
    "theta": 4.005947784454618
  },
  "Population": [
    751392,
    890135,
    1142335,
    1593823,
    2201863
  ],
  "Estimated": [
    751392,
    976025,
    1267268,
    1643406,
    2123906
  ]
}