{
  "region": "central",
  "model": "gompertz",
  "Parameters": {
    "k": 5000000.000006658,
    "r": 0.18331875038450318,
    "theta": 0
  },
  "Population": [
    751392,
    890135,
    1142335,
    1593823,
    2201863
  ],
  "Estimated": [
    751392,
    1032129,
    1344340,
    1675173,
    2011898
  ]
}