{
  "region": "central",
  "model": "verhulst",
  "Parameters": {
    "k": 5000000.000012794,
    "r": 0.3461305287769275,
    "theta": 0
  },
  "Population": [
    751392,
    890135,
    1142335,
    1593823,
    2201863
  ],
  "Estimated": [
    751392,
    1000004,
    1305597,
    1665688,
    2069462
  ]
}