{
  "region": "eastern",
  "model": "verhulst",
  "Parameters": {
    "k": 5000000.000016183,
    "r": 0.28926646693706326,
    "theta": 0
  },
  "Population": [
    1094196,
    1261661,
    1680890,
    1635421,
    2633154
  ],
  "Estimated": [
    1094196,
    1361308,
    1665818,
    2000984,
    2355937
  ]
}