{
  "region": "eastern",
  "model": "gompertz",
  "Parameters": {
    "k": 5000000.00000777,
    "r": 0.1693973338891772,
    "theta": 0
  },
  "Population": [
    1094196,
    1261661,
    1680890,
    1635421,
    2633154
  ],
  "Estimated": [
    1094195,
    1386504,
    1693262,
    2004476,
    2311315
  ]
}