{
  "region": "eastern",
  "model": "richard",
  "Parameters": {
    "k": 5000000.000002928,
    "r": 0.20026149084225423,
    "theta": 4.464060781747959
  },
  "Population": [
    1094196,
    1261661,
    1680890,
    1635421,
    2633154
  ],
  "Estimated": [
    1094196,
    1336313,
    1631146,
    1988489,
    2416740
  ]
}