{
  "region": "greater accra",
  "model": "gompertz",
  "Parameters": {
    "k": 6000000.000064052,
    "r": 0.404728470301765,
    "theta": 0
  },
  "Population": [
    491817,
    851614,
    1431099,
    2905726,
    4010054
  ],
  "Estimated": [
    491817,
    1130799,
    1970689,
    2854685,
    3655365
  ]
}