{
  "region": "greater accra",
  "model": "verhulst",
  "Parameters": {
    "k": 6000000.000010172,
    "r": 0.7634826668820467,
    "theta": 0
  },
  "Population": [
    491817,
    851614,
    1431099,
    2905726,
    4010054
  ],
  "Estimated": [
    491817,
    964708,
    1747998,
    2812093,
    3925871
  ]
}