{
  "region": "greater accra",
  "model": "richard",
  "Parameters": {
    "k": 6000000.000000013,
    "r": 1.3443495414511895,
    "theta": 1.125563465923135
  },
  "Population": [
    491817,
    851614,
    1431099,
    2905726,
    4010054
  ],
  "Estimated": [
    491816,
    1590207,
    3628378,
    5228028,
    5809789
  ]
}