{
  "region": "northern",
  "model": "gompertz",
  "Parameters": {
    "k": 5000000.000007212,
    "r": 0.25711621426752124,
    "theta": 0
  },
  "Population": [
    531573,
    727618,
    1164583,
    1820806,
    2310983
  ],
  "Estimated": [
    531572,
    883599,
    1308916,
    1773687,
    2243484
  ]
}