{
  "region": "northern",
  "model": "richard",
  "Parameters": {
    "k": 4999999.99999915,
    "r": 0.46916090476288475,
    "theta": 1.1666985404829424
  },
  "Population": [
    531573,
    727618,
    1164583,
    1820806,
    2310983
  ],
  "Estimated": [
    531572,
    812794,
    1209228,
    1728950,
    2345537
  ]
}