{
  "region": "northern",
  "model": "verhulst",
  "Parameters": {
    "k": 4999999.999999785,
    "r": 0.4992703482538435,
    "theta": 0
  },
  "Population": [
    531573,
    727618,
    1164583,
    1820806,
    2310983
  ],
  "Estimated": [
    531573,
    819370,
    1220426,
    1736260,
    2335401
  ]
}