{
  "region": "upper east",
  "model": "gompertz",
  "Parameters": {
    "k": 4999999.999999997,
    "r": 0.10679570799393648,
    "theta": 0
  },
  "Population": [
    468638,
    542858,
    772744,
    920089,
    1046545
  ],
  "Estimated": [
    468638,
    595631,
    738872,
    896770,
    1067268
  ]
}