{
  "region": "upper east",
  "model": "verhulst",
  "Parameters": {
    "k": 4999999.999999964,
    "r": 0.2449959386614766,
    "theta": 0
  },
  "Population": [
    468638,
    542858,
    772744,
    920089,
    1046545
  ],
  "Estimated": [
    468638,
    583555,
    722160,
    887075,
    1080141
  ]
}