{
  "region": "upper west",
  "model": "richard",
  "Parameters": {
    "k": 5000000.000000622,
    "r": 0.29680445924344445,
    "theta": 3.3366424102965233
  },
  "Population": [
    288706,
    319865,
    438008,
    576583,
    1046545
  ],
  "Estimated": [
    288706,
    388454,
    522633,
    703039,
    945288
  ]
}