{
  "region": "upper west",
  "model": "verhulst",
  "Parameters": {
    "k": 5000000.000000387,
    "r": 0.3293993004791726,
    "theta": 0
  },
  "Population": [
    288706,
    319865,
    438008,
    576583,
    1046545
  ],
  "Estimated": [
    288706,
    392497,
    529410,
    706756,
    931137
  ]
}