{
  "region": "upper east",
  "model": "richard",
  "Parameters": {
    "k": 4999999.999999909,
    "r": 0.32991654199941584,
    "theta": 0.5082658526171828
  },
  "Population": [
    468638,
    542858,
    772744,
    920089,
    1046545
  ],
  "Estimated": [
    468638,
    586846,
    725856,
    886240,
    1067642
  ]
}