{
  "region": "upper west",
  "model": "gompertz",
  "Parameters": {
    "k": 5000000.000000058,
    "r": 0.12686656938462365,
    "theta": 0
  },
  "Population": [
    288706,
    319865,
    438008,
    576583,
    1046545
  ],
  "Estimated": [
    288706,
    405530,
    547026,
    712042,
    898174
  ]
}