{
  "region": "volta",
  "model": "verhulst",
  "Parameters": {
    "k": 4999999.999999809,
    "r": 0.37141043748420693,
    "theta": 0
  },
  "Population": [
    777285,
    947268,
    1211907,
    2106696,
    2118252
  ],
  "Estimated": [
    777285,
    1053246,
    1394820,
    1796739,
    2242436
  ]
}