{
  "region": "volta",
  "model": "gompertz",
  "Parameters": {
    "k": 5000000.000000074,
    "r": 0.20308550568426387,
    "theta": 0
  },
  "Population": [
    777285,
    947268,
    1211907,
    2106696,
    2118252
  ],
  "Estimated": [
    777285,
    1094348,
    1446851,
    1817205,
    2188731
  ]
}