{
  "region": "volta",
  "model": "richard",
  "Parameters": {
    "k": 4999999.999998362,
    "r": 0.39963855443187596,
    "theta": 0.864083836166593
  },
  "Population": [
    777285,
    947268,
    1211907,
    2106696,
    2118252
  ],
  "Estimated": [
    777284,
    1057457,
    1400870,
    1799962,
    2236957
  ]
}