{
  "region": "western",
  "model": "richard",
  "Parameters": {
    "k": 4999999.999999832,
    "r": 0.3620966311252793,
    "theta": 2.2110852802551095
  },
  "Population": [
    626155,
    770087,
    1157807,
    1924577,
    2376021
  ],
  "Estimated": [
    626155,
    894367,
    1269060,
    1776015,
    2419190
  ]
}