{
  "region": "western",
  "model": "verhulst",
  "Parameters": {
    "k": 5000000.000009372,
    "r": 0.459503813637425,
    "theta": 0
  },
  "Population": [
    626155,
    770087,
    1157807,
    1924577,
    2376021
  ],
  "Estimated": [
    626155,
    923897,
    1320474,
    1811623,
    2367892
  ]
}