{
  "region": "western",
  "model": "gompertz",
  "Parameters": {
    "k": 5000000.000010075,
    "r": 0.24319292726659092,
    "theta": 0
  },
  "Population": [
    626155,
    770087,
    1157807,
    1924577,
    2376021
  ],
  "Estimated": [
    626154,
    980545,
    1393808,
    1836394,
    2279683
  ]
}